CREATE TABLE t1 (pk INT PRIMARY KEY AUTO_INCREMENT,
c VARCHAR(256), coordinate POINT NOT NULL, SPATIAL index(coordinate)) ENGINE=INNODB
ENCRYPTED=YES;
INSERT INTO t1(c, coordinate) values('mysql', ST_GeomFromText('POINT(903994614 180726515)'));
INSERT INTO t1(c, coordinate) values('mariadb', ST_GeomFromText('POINT(903994614 180726515)'));
DROP TABLE t1;
CREATE TABLE t1 (pk INT PRIMARY KEY AUTO_INCREMENT,
c VARCHAR(256), coordinate POINT NOT NULL, SPATIAL index(coordinate)) ENGINE=INNODB;
ALTER TABLE t1 ENCRYPTED=YES;
DROP TABLE t1;
CREATE TABLE t1 (pk INT PRIMARY KEY AUTO_INCREMENT,
c VARCHAR(256), coordinate POINT NOT NULL) ENCRYPTED=YES ENGINE=INNODB;
ALTER TABLE t1 ADD SPATIAL INDEX b(coordinate), ALGORITHM=COPY;
ALTER TABLE t1 ADD SPATIAL INDEX b1(coordinate), FORCE, ALGORITHM=INPLACE;
Warnings:
Note	1831	Duplicate index `b1`. This is deprecated and will be disallowed in a future release
ALTER TABLE t1 ADD SPATIAL INDEX(coordinate);
Warnings:
Note	1831	Duplicate index `coordinate`. This is deprecated and will be disallowed in a future release
CREATE SPATIAL INDEX b2 on t1(coordinate);
Warnings:
Note	1831	Duplicate index `b2`. This is deprecated and will be disallowed in a future release
DROP TABLE t1;
CREATE TABLE t1 (pk INT PRIMARY KEY AUTO_INCREMENT,
c VARCHAR(256), coordinate POINT NOT NULL) ENCRYPTED=DEFAULT ENGINE=INNODB;
CREATE SPATIAL INDEX b on t1(coordinate);
INSERT INTO t1 values(1, 'secret', ST_GeomFromText('POINT(903994614 180726515)'));
ALTER TABLE t1 DROP INDEX b;
INSERT INTO t1 values(2, 'secret', ST_GeomFromText('POINT(903994614 180726515)'));
ALTER TABLE t1 ADD SPATIAL INDEX b(coordinate);
INSERT INTO t1 values(3, 'secret', ST_GeomFromText('POINT(903994614 180726515)'));
DROP TABLE t1;
CREATE TABLE t1 (pk INT PRIMARY KEY AUTO_INCREMENT,
c VARCHAR(256), coordinate POINT NOT NULL, SPATIAL index(coordinate)) ENGINE=INNODB;
CREATE TABLE t2 (pk INT PRIMARY KEY AUTO_INCREMENT,
c VARCHAR(256), coordinate POINT NOT NULL, SPATIAL index(coordinate)) ENGINE=INNODB PAGE_COMPRESSED=YES;
INSERT INTO t1 values(1, 'secret', ST_GeomFromText('POINT(903994614 180726515)'));
INSERT INTO t2 values(1, 'secret', ST_GeomFromText('POINT(903994614 180726515)'));
# Success!
SELECT NAME FROM INFORMATION_SCHEMA.INNODB_TABLESPACES_ENCRYPTION WHERE MIN_KEY_VERSION > 0;
NAME
innodb_system
mysql/innodb_index_stats
mysql/innodb_table_stats
mysql/transaction_registry
test/t1
test/t2
SELECT NAME FROM INFORMATION_SCHEMA.INNODB_TABLESPACES_ENCRYPTION WHERE MIN_KEY_VERSION = 0;
NAME
INSERT INTO t1 values(2, 'secret1', ST_GeomFromText('POINT(903994614 180726515)'));
DROP TABLE t1, t2;
